AppID,Nombre,Horas Totales,Horas Últimas 2 Semanas,Última Vez Jugado,Logros Totales,Logros Desbloqueados
10,Counter-Strike,0.0,0.0,1969-12-31 19:00:00,0,0
80,Counter-Strike: Condition Zero,0.0,0.0,1969-12-31 19:00:00,0,0
100,Counter-Strike: Condition Zero Deleted Scenes,0.0,0.0,1969-12-31 19:00:00,0,0
300,Day of Defeat: Source,0.0,0.0,1969-12-31 19:00:00,54,0
20,Team Fortress Classic,0.0,0.0,1969-12-31 19:00:00,0,0
30,Day of Defeat,0.0,0.0,1969-12-31 19:00:00,0,0
40,Deathmatch Classic,0.0,0.0,1969-12-31 19:00:00,0,0
50,Half-Life: Opposing Force,0.0,0.0,1969-12-31 19:00:00,0,0
60,Ricochet,0.0,0.0,1969-12-31 19:00:00,0,0
70,Half-Life,4.3,0.0,2024-12-23 19:36:30,0,0
130,Half-Life: Blue Shift,0.0,0.0,1969-12-31 19:00:00,0,0
220,Half-Life 2,0.0,0.0,1969-12-31 19:00:00,69,0
320,Half-Life 2: Deathmatch,0.0,0.0,1969-12-31 19:00:00,0,0
360,Half-Life Deathmatch: Source,0.0,0.0,1969-12-31 19:00:00,0,0
240,Counter-Strike: Source,0.02,0.0,2024-07-24 19:50:01,147,0
280,Half-Life: Source,0.0,0.0,1969-12-31 19:00:00,0,0
6910,Deus Ex: Game of the Year Edition,0.0,0.0,1969-12-31 19:00:00,0,0
6920,Deus Ex: Invisible War,0.0,0.0,1969-12-31 19:00:00,0,0
400,Portal,2.15,0.0,2024-03-01 20:46:46,15,1
3020,Call of Juarez,0.37,0.0,2024-03-02 09:57:24,0,0
15100,Assassin's Creed,27.6,0.0,2022-06-05 15:12:24,0,0
500,Left 4 Dead,0.0,0.0,1969-12-31 19:00:00,73,0
17470,Dead Space (2008),23.88,0.0,2020-03-22 22:59:53,0,0
22330,The Elder Scrolls IV: Oblivion ,0.25,0.0,2024-04-15 18:40:48,0,0
22320,The Elder Scrolls III: Morrowind,0.0,0.0,1969-12-31 19:00:00,0,0
21980,Call of Juarez: Bound in Blood,0.0,0.0,1969-12-31 19:00:00,0,0
6030,STAR WARS™ Jedi Knight II: Jedi Outcast™,0.0,0.0,1969-12-31 19:00:00,0,0
6020,STAR WARS™ Jedi Knight: Jedi Academy™,0.0,0.0,1969-12-31 19:00:00,0,0
20900,The Witcher: Enhanced Edition,0.62,0.0,2024-09-18 20:38:40,0,0
32440,LEGO® Star Wars™: The Complete Saga,12.48,0.0,2024-09-03 19:40:25,0,0
550,Left 4 Dead 2,0.0,0.0,1969-12-31 19:00:00,101,0
32430,STAR WARS™: The Force Unleashed™ Ultimate Sith Edition,11.23,0.0,2024-05-01 20:46:42,0,0
41500,Torchlight,0.0,0.0,1969-12-31 19:00:00,66,0
32500,STAR WARS™: The Force Unleashed™ II,0.0,0.0,1969-12-31 19:00:00,0,0
47780,Dead Space 2,12.6,0.0,2021-01-11 23:59:54,0,0
42910,Magicka,0.0,0.0,1969-12-31 19:00:00,88,0
48190,Assassin's Creed Brotherhood,33.17,0.0,2022-06-11 14:52:39,0,0
32510,LEGO® Star Wars™ III: The Clone Wars™,0.0,0.0,1969-12-31 19:00:00,0,0
620,Portal 2,0.0,0.0,1969-12-31 19:00:00,51,0
22650,Alien Breed 2: Assault,0.0,0.0,1969-12-31 19:00:00,13,0
22670,Alien Breed 3: Descent,0.0,0.0,1969-12-31 19:00:00,13,0
42140,Hamilton's Great Adventure,0.05,0.0,2024-07-01 15:34:10,26,0
20920,The Witcher 2: Assassins of Kings Enhanced Edition,27.4,0.0,2020-10-12 00:11:17,52,21
9200,RAGE,0.0,0.0,1969-12-31 19:00:00,60,0
201870,Assassin's Creed Revelations,15.62,0.0,2020-07-07 23:47:52,48,0
203830,The Dark Eye: Chains of Satinav,0.0,0.0,1969-12-31 19:00:00,36,0
208580,STAR WARS™ Knights of the Old Republic™ II: The Sith Lords™,0.0,0.0,1969-12-31 19:00:00,57,0
32370,STAR WARS™ Knights of the Old Republic™,0.0,0.0,1969-12-31 19:00:00,0,0
200260,Batman: Arkham City GOTY,30.93,0.0,2021-12-09 14:52:21,64,23
50300,Spec Ops: The Line,16.12,0.0,2024-09-18 20:13:14,50,34
108710,Alan Wake,13.83,0.0,2020-02-09 20:01:42,67,31
202750,Alan Wake's American Nightmare,5.65,0.0,2020-02-15 09:48:21,12,5
35140,Batman: Arkham Asylum GOTY Edition,14.63,0.0,2020-04-05 00:44:16,47,24
220200,Kerbal Space Program,0.0,0.0,1969-12-31 19:00:00,0,0
224300,Legacy of Kain: Defiance,0.0,0.0,1969-12-31 19:00:00,0,0
224940,Legacy of Kain: Soul Reaver 2 (2001),0.0,0.0,1969-12-31 19:00:00,0,0
113020,Monaco,0.0,0.0,1969-12-31 19:00:00,13,0
220440,DmC Devil May Cry,11.12,0.0,2020-10-18 18:39:35,58,21
221040,Resident Evil 6,26.62,0.0,2023-01-15 21:11:25,70,33
211260,They Bleed Pixels,0.0,0.0,1969-12-31 19:00:00,150,0
203160,Tomb Raider,26.88,0.0,2024-08-24 08:57:28,50,17
222480,Resident Evil Revelations,10.52,0.0,2024-03-16 17:01:20,50,12
230820,The Night of the Rabbit,0.0,0.0,1969-12-31 19:00:00,17,0
22340,Call of Cthulhu: Dark Corners of the Earth,0.0,0.0,1969-12-31 19:00:00,0,0
10680,Aliens vs. Predator,0.37,0.0,2024-05-03 22:38:03,50,0
218620,PAYDAY 2,0.0,0.0,1969-12-31 19:00:00,1328,0
225080,Brothers - A Tale of Two Sons,0.0,0.0,1969-12-31 19:00:00,12,0
234080,Castlevania: Lords of Shadow - Ultimate Edition,0.0,0.0,1969-12-31 19:00:00,47,0
209000,Batman™: Arkham Origins,26.18,0.0,2021-09-28 18:45:52,60,8
242960,Blood Omen 2: Legacy of Kain,0.0,0.0,1969-12-31 19:00:00,0,0
234670,NARUTO SHIPPUDEN: Ultimate Ninja STORM 3 Full Burst,15.53,0.0,2021-11-04 11:54:47,54,27
242050,Assassin's Creed IV Black Flag,27.72,0.0,2022-06-05 16:46:15,60,0
266310,GameGuru Classic,0.0,0.0,1969-12-31 19:00:00,0,0
211820,Starbound,0.0,0.0,1969-12-31 19:00:00,51,0
367540,Starbound - Unstable,0.0,0.0,1969-12-31 19:00:00,51,0
216090,Go Home Dinosaurs!,0.0,0.0,1969-12-31 19:00:00,26,0
4500,S.T.A.L.K.E.R.: Shadow of Chernobyl,0.78,0.0,2024-05-24 17:52:46,0,0
20510,S.T.A.L.K.E.R.: Clear Sky,0.0,0.0,1969-12-31 19:00:00,0,0
41700,S.T.A.L.K.E.R.: Call of Pripyat,0.0,0.0,1969-12-31 19:00:00,0,0
235460,METAL GEAR RISING: REVENGEANCE,12.37,0.0,2023-09-22 14:36:50,60,17
232790,Broken Age,0.0,0.0,1969-12-31 19:00:00,45,0
57300,Amnesia: The Dark Descent,0.0,0.0,1969-12-31 19:00:00,18,0
239200,Amnesia: A Machine for Pigs,0.0,0.0,1969-12-31 19:00:00,7,0
281610,Homeworld: Deserts of Kharak,0.0,0.0,1969-12-31 19:00:00,48,0
282070,This War of Mine,0.0,0.0,1969-12-31 19:00:00,59,0
282140,SOMA,2.58,0.0,2020-04-05 10:32:11,10,1
254700,Resident Evil 4 (2005),0.0,0.0,1969-12-31 19:00:00,12,0
286000,Tooth and Tail,0.0,0.0,1969-12-31 19:00:00,38,0
286690,Metro 2033 Redux,16.5,0.0,2022-01-05 20:08:58,49,13
287390,Metro: Last Light Redux,11.42,0.0,2020-09-18 23:23:59,49,16
258180,Deus Ex: The Fall,0.0,0.0,1969-12-31 19:00:00,28,0
288470,Fable Anniversary,0.63,0.0,2024-05-04 20:34:14,50,1
243930,Bound By Flame,0.15,0.0,2024-03-06 19:24:43,41,0
290930,Half-Life 2: Update,0.0,0.0,1969-12-31 19:00:00,33,0
244160,Homeworld Remastered Collection,0.0,0.0,1969-12-31 19:00:00,34,0
303840,Point Perfect,0.0,0.0,1969-12-31 19:00:00,10,0
232430,Gone Home,0.0,0.0,1969-12-31 19:00:00,10,0
316790,Grim Fandango Remastered,0.0,0.0,1969-12-31 19:00:00,47,0
320040,Moon Hunters,0.0,0.0,1969-12-31 19:00:00,47,0
238010,Deus Ex: Human Revolution - Director's Cut,30.93,0.0,2024-05-23 20:28:31,59,25
21690,Resident Evil 5,16.3,0.0,2020-01-06 19:30:27,70,23
302510,Ryse: Son of Rome,9.27,0.0,2024-05-30 20:40:41,73,25
214490,Alien: Isolation,0.0,0.0,1969-12-31 19:00:00,50,0
323220,Vagante,0.0,0.0,1969-12-31 19:00:00,44,0
327070,Gloria Victis,0.0,0.0,1969-12-31 19:00:00,79,0
268050,The Evil Within,25.48,0.0,2021-02-07 22:12:35,71,17
331610,Movie Studio Boss: The Sequel,0.0,0.0,1969-12-31 19:00:00,17,0
305620,The Long Dark,0.0,0.0,1969-12-31 19:00:00,75,0
323470,DRAGON BALL XENOVERSE,21.55,0.0,2024-05-04 20:59:21,50,8
334940,Yoku's Island Express,0.0,0.0,1969-12-31 19:00:00,31,0
304240,Resident Evil,0.0,0.0,1969-12-31 19:00:00,44,0
343860,Tacoma,0.0,0.0,1969-12-31 19:00:00,12,0
307780,Mortal Kombat X,19.58,0.0,2024-06-03 14:56:57,73,13
349730,Popup Dungeon,0.0,0.0,1969-12-31 19:00:00,65,0
298630,The Escapists,0.0,0.0,1969-12-31 19:00:00,37,0
351920,Crazy Machines 3,0.0,0.0,1969-12-31 19:00:00,41,0
352890,Caravan,0.0,0.0,1969-12-31 19:00:00,14,0
359840,Shift Happens,0.0,0.0,1969-12-31 19:00:00,31,0
332250,The Next Penelope,0.0,0.0,1969-12-31 19:00:00,23,0
362890,Black Mesa,0.0,0.0,1969-12-31 19:00:00,50,0
329050,Devil May Cry 4 Special Edition,24.37,0.0,2024-04-12 21:34:11,42,5
292030,The Witcher 3: Wild Hunt,130.12,0.0,2021-06-19 00:22:40,78,43
381210,Dead by Daylight,0.0,0.0,1969-12-31 19:00:00,270,0
388210,Day of the Tentacle Remastered,0.0,0.0,1969-12-31 19:00:00,58,0
388420,In Between,0.0,0.0,1969-12-31 19:00:00,16,0
234140,Mad Max,39.98,0.0,2024-05-04 22:06:23,49,21
404540,Nex Machina,0.0,0.0,1969-12-31 19:00:00,39,0
410700,System Shock: Classic,0.0,0.0,1969-12-31 19:00:00,0,0
410710,System Shock: Enhanced Edition,0.0,0.0,1969-12-31 19:00:00,6,0
418270,Draw Slasher,0.0,0.0,1969-12-31 19:00:00,13,0
287290,Resident Evil Revelations 2,0.0,0.0,1969-12-31 19:00:00,43,0
349040,NARUTO SHIPPUDEN: Ultimate Ninja STORM 4,12.2,0.0,2024-06-22 13:54:45,53,13
208650,Batman™: Arkham Knight,34.6,0.0,2021-08-14 14:10:36,113,67
339340,Resident Evil 0,1.25,0.0,2020-06-09 22:37:07,47,1
391220,Rise of the Tomb Raider,20.15,0.0,2022-08-26 20:58:11,143,38
438640,LEGO® STAR WARS™: The Force Awakens,0.0,0.0,1969-12-31 19:00:00,69,0
442070,Drawful 2,0.0,0.0,1969-12-31 19:00:00,10,0
442120,Pinball FX3,0.0,0.0,1969-12-31 19:00:00,110,0
230270,N++,0.0,0.0,1969-12-31 19:00:00,33,0
445190,Expeditions: Viking,0.0,0.0,1969-12-31 19:00:00,40,0
445980,Wizard of Legend,0.0,0.0,1969-12-31 19:00:00,19,0
460790,Bayonetta,7.22,0.0,2024-11-25 20:30:23,50,8
462620,Pocket Kingdom,0.0,0.0,1969-12-31 19:00:00,16,0
465200,Fury Unleashed,0.0,0.0,1969-12-31 19:00:00,47,0
379720,DOOM,18.05,0.0,2023-03-14 22:36:18,54,14
474960,Quantum Break,9.6,0.0,2024-04-23 19:15:32,42,27
338390,The Technomancer,0.0,0.0,1969-12-31 19:00:00,40,0
485510,Nioh: Complete Edition,3.05,0.0,2020-12-06 21:22:46,79,0
489830,The Elder Scrolls V: Skyrim Special Edition,78.58,0.0,2025-02-25 19:59:37,75,30
495140,NARUTO: Ultimate Ninja STORM,12.85,0.0,2021-02-11 22:17:04,50,22
49540,Aliens: Colonial Marines,0.0,0.0,1969-12-31 19:00:00,60,0
503560,911 Operator,0.0,0.0,1969-12-31 19:00:00,18,0
504230,Celeste,2.77,0.0,2024-10-29 20:44:39,32,2
516110,ToeJam & Earl: Back in the Groove,0.0,0.0,1969-12-31 19:00:00,49,0
518790,theHunter: Call of the Wild™,0.0,0.0,1969-12-31 19:00:00,160,0
520720,Dear Esther: Landmark Edition,0.0,0.0,1969-12-31 19:00:00,10,0
337000,Deus Ex: Mankind Divided™,0.0,0.0,1969-12-31 19:00:00,81,0
521880,RPG Maker VX,0.0,0.0,1969-12-31 19:00:00,0,0
523650,Lust for Darkness,0.0,0.0,1969-12-31 19:00:00,15,0
526870,Satisfactory,0.0,0.0,1969-12-31 19:00:00,44,0
530320,Wandersong,0.0,0.0,1969-12-31 19:00:00,75,0
7670,BioShock,12.92,0.0,2020-03-23 00:47:35,0,0
8850,BioShock 2,0.0,0.0,1969-12-31 19:00:00,68,0
8870,BioShock Infinite,15.87,0.0,2020-11-23 23:09:27,80,34
409710,BioShock Remastered,9.37,0.0,2020-03-28 21:18:08,65,24
409720,BioShock 2 Remastered,9.83,0.0,2020-08-23 01:10:52,53,19
530930,Soulblight,0.0,0.0,1969-12-31 19:00:00,40,0
418370,Resident Evil 7 Biohazard,12.78,0.0,2021-05-17 22:11:37,58,22
287700,METAL GEAR SOLID V: THE PHANTOM PAIN,66.82,0.0,2021-01-22 17:58:28,42,24
311340,METAL GEAR SOLID V: GROUND ZEROES,2.22,0.0,2022-11-25 21:39:45,16,2
543870,NARUTO SHIPPUDEN: Ultimate Ninja STORM 2,16.5,0.0,2021-06-19 17:45:39,50,20
546430,Pathway,0.0,0.0,1969-12-31 19:00:00,75,0
249050,Dungeon of the ENDLESS™,0.0,0.0,1969-12-31 19:00:00,33,0
572890,Pikuniku,0.17,0.0,2024-12-21 08:02:28,14,0
579720,Neverout,0.0,0.0,1969-12-31 19:00:00,0,0
607050,Wargroove,0.0,0.0,1969-12-31 19:00:00,23,0
378540,The Surge,0.83,0.0,2022-08-22 22:32:10,67,3
622890,NecroWorm,0.0,0.0,1969-12-31 19:00:00,20,0
228360,Full Throttle Remastered,0.0,0.0,1969-12-31 19:00:00,40,0
631510,Devil May Cry HD Collection,0.43,0.0,2023-04-11 20:59:44,99,0
631770,Pixplode,0.0,0.0,1969-12-31 19:00:00,63,0
636070,Corridor Z,0.0,0.0,1969-12-31 19:00:00,13,0
392110,ENDLESS™ Space 2,0.0,0.0,1969-12-31 19:00:00,115,0
645630,Car Mechanic Simulator 2018,0.0,0.0,1969-12-31 19:00:00,60,0
646570,Slay the Spire,0.0,0.0,1969-12-31 19:00:00,46,0
427290,Vampyr,0.0,0.0,1969-12-31 19:00:00,28,0
601430,The Evil Within 2,22.78,0.0,2022-11-07 14:09:35,51,29
675010,MudRunner,0.0,0.0,1969-12-31 19:00:00,62,0
414340,Hellblade: Senua's Sacrifice,7.92,0.0,2020-12-25 12:05:17,14,13
747350,Hellblade: Senua's Sacrifice VR Edition,0.0,0.0,1969-12-31 19:00:00,14,0
692850,Bloodstained: Ritual of the Night,0.0,0.0,1969-12-31 19:00:00,57,0
699130,World War Z,0.0,0.0,1969-12-31 19:00:00,35,0
700330,SCP: Secret Laboratory,0.02,0.0,2021-09-23 17:57:18,51,0
701160,Kingdom Two Crowns,0.0,0.0,1969-12-31 19:00:00,46,0
718590,Dark Devotion,0.0,0.0,1969-12-31 19:00:00,45,0
718650,Driftland: The Magic Revival,0.0,0.0,1969-12-31 19:00:00,40,0
723100,Orbital Racer,0.0,0.0,1969-12-31 19:00:00,0,0
740080,Deadly Days,0.0,0.0,1969-12-31 19:00:00,53,0
236870,HITMAN™,0.0,0.0,1969-12-31 19:00:00,69,0
746850,Cloudpunk,0.0,0.0,1969-12-31 19:00:00,79,0
747610,Zula Global,0.97,0.0,2021-02-10 19:35:26,56,0
748300,Treasure Hunter Simulator,0.0,0.0,1969-12-31 19:00:00,22,0
755470,The World Next Door,0.0,0.0,1969-12-31 19:00:00,24,0
760160,Vampire: The Masquerade - Bloodhunt,1.15,0.0,2021-11-25 17:33:50,35,0
775500,SCARLET NEXUS,5.42,0.0,2024-07-20 23:36:50,53,9
785890,Hexologic,0.0,0.0,1969-12-31 19:00:00,11,0
793460,112 Operator,0.0,0.0,1969-12-31 19:00:00,45,0
464920,Surviving Mars,0.0,0.0,1969-12-31 19:00:00,80,0
813630,Supraland,0.0,0.0,1969-12-31 19:00:00,98,0
830590,Holy Potatoes! A Spy Story?!,0.0,0.0,1969-12-31 19:00:00,52,0
834450,Roarr! Jurassic Edition,0.0,0.0,1969-12-31 19:00:00,6,0
204450,Call of Juarez Gunslinger,0.0,0.0,1969-12-31 19:00:00,26,0
842100,Daymare: 1998,12.9,0.0,2024-04-16 19:57:23,45,13
844260,Rustler,0.0,0.0,1969-12-31 19:00:00,29,0
846030,ΔV: Rings of Saturn,0.0,0.0,1969-12-31 19:00:00,90,0
847370,Sunset Overdrive,0.0,0.0,1969-12-31 19:00:00,80,0
750920,Shadow of the Tomb Raider,33.33,0.0,2022-08-22 22:01:48,99,61
867400,Out of Reach: Treasure Royale,0.0,0.0,1969-12-31 19:00:00,26,0
871530,Radio Commander,0.0,0.0,1969-12-31 19:00:00,49,0
871720,Ultimate Custom Night,0.0,0.0,1969-12-31 19:00:00,0,0
873940,Crying Suns,0.0,0.0,1969-12-31 19:00:00,79,0
899310,Iron Danger,0.0,0.0,1969-12-31 19:00:00,23,0
916100,Telefrag VR,0.0,0.0,1969-12-31 19:00:00,34,0
412020,Metro Exodus,29.35,0.0,2023-02-17 21:42:11,68,25
1449560,Metro Exodus Enhanced Edition,0.68,0.0,2023-01-16 20:52:41,68,0
730,Counter-Strike 2,5.22,0.0,2021-11-06 19:01:00,1,0
938560,INMOST,0.0,0.0,1969-12-31 19:00:00,29,0
996580,Spyro™ Reignited Trilogy,0.07,0.0,2024-06-21 20:23:59,105,0
449960,Book of Demons,0.0,0.0,1969-12-31 19:00:00,202,0
998740,Ring of Pain,0.0,0.0,1969-12-31 19:00:00,138,0
999220,Amnesia: Rebirth,0.0,0.0,1969-12-31 19:00:00,41,0
450390,The Lab,0.0,0.0,1969-12-31 19:00:00,0,0
1016790,West of Dead,0.0,0.0,1969-12-31 19:00:00,24,0
752590,A Plague Tale: Innocence,17.0,0.0,2020-04-18 22:34:15,35,20
1037020,ScourgeBringer,0.0,0.0,1969-12-31 19:00:00,42,0
1069030,EarthX,0.0,0.0,1969-12-31 19:00:00,58,0
1078760,Motorcycle Mechanic Simulator 2021,0.0,0.0,1969-12-31 19:00:00,30,0
644830,The Surge 2,0.0,0.0,1969-12-31 19:00:00,57,0
782330,DOOM Eternal,0.0,0.0,1969-12-31 19:00:00,50,0
1103730,Shing!,0.0,0.0,1969-12-31 19:00:00,40,0
976730,Halo: The Master Chief Collection,27.25,0.0,2024-06-26 19:23:40,700,61
1112400,Project Torque,0.0,0.0,1969-12-31 19:00:00,0,0
1097840,Gears 5,0.0,0.0,1969-12-31 19:00:00,181,0
1137450,Encodya,0.0,0.0,1969-12-31 19:00:00,16,0
1142080,Pawnbarian,0.0,0.0,1969-12-31 19:00:00,18,0
1154810,Going Under,0.0,0.0,1969-12-31 19:00:00,23,0
1085660,Destiny 2,1.87,0.0,2020-11-21 09:42:16,23,2
1172470,Apex Legends,0.0,0.0,1969-12-31 19:00:00,12,0
1174180,Red Dead Redemption 2,0.0,0.0,1969-12-31 19:00:00,51,0
997070,Marvel's Avengers - The Definitive Edition,0.0,0.0,1969-12-31 19:00:00,50,0
1026420,WARSAW RISING: City of Heroes,0.0,0.0,1969-12-31 19:00:00,42,0
1191900,Say No! More,0.0,0.0,1969-12-31 19:00:00,22,0
1196590,Resident Evil Village,50.7,0.0,2024-04-21 16:31:30,56,28
996470,eFootball PES 2020,3.7,0.0,2021-02-14 19:45:11,0,0
1145360,Hades,0.0,0.0,1969-12-31 19:00:00,49,0
408410,X-Morph: Defense,0.0,0.0,1969-12-31 19:00:00,40,0
1227690,Severed Steel,0.32,0.0,2024-07-24 20:01:33,57,0
322500,SUPERHOT,0.0,0.0,1969-12-31 19:00:00,26,0
1236300,Resident Evil Re:Verse,0.0,0.0,1969-12-31 19:00:00,12,0
1238060,Dead Space™ 3,4.53,0.0,2024-03-02 09:30:57,58,6
1261040,Streamer Life Simulator,0.0,0.0,1969-12-31 19:00:00,15,0
289690,Lara Croft and the Temple of Osiris,0.0,0.0,1969-12-31 19:00:00,40,0
588210,HELLION,0.0,0.0,1969-12-31 19:00:00,12,0
1285670,Post Void,0.0,0.0,1969-12-31 19:00:00,7,0
34330,Total War: SHOGUN 2,0.0,0.0,1969-12-31 19:00:00,106,0
1076280,Showdown Bandit,0.0,0.0,1969-12-31 19:00:00,8,0
55110,Red Faction: Armageddon,13.25,13.25,2025-03-13 21:06:01,58,25
579110,Interkosmos,0.0,0.0,1969-12-31 19:00:00,17,0
406970,The Uncertain: Last Quiet Day,0.0,0.0,1969-12-31 19:00:00,32,0
1048540,Kao the Kangaroo: Round 2,0.0,0.0,1969-12-31 19:00:00,9,0
242700,Injustice: Gods Among Us Ultimate Edition,0.63,0.0,2024-03-08 16:54:57,50,1
1016120,PGA TOUR 2K21,0.0,0.0,1969-12-31 19:00:00,29,0
209630,Magrunner: Dark Pulse,0.37,0.0,2024-09-19 19:09:24,24,1
465760,Scrap Garden,0.0,0.0,1969-12-31 19:00:00,42,0
1433860,The Amazing American Circus,0.0,0.0,1969-12-31 19:00:00,61,0
34270,SEGA Mega Drive & Genesis Classics,0.15,0.0,2024-03-02 08:16:29,25,0
1449850,Yu-Gi-Oh!  Master Duel,0.0,0.0,1969-12-31 19:00:00,11,0
245170,Skullgirls 2nd Encore,0.0,0.0,1969-12-31 19:00:00,45,0
616560,Ultimate Epic Battle Simulator,0.0,0.0,1969-12-31 19:00:00,0,0
43110,Metro 2033,14.85,0.0,2024-11-24 19:00:50,48,13
1140630,Red Wings,0.0,0.0,1969-12-31 19:00:00,29,0
351510,Quiplash,0.0,0.0,1969-12-31 19:00:00,10,0
435120,Rusty Lake Hotel,0.0,0.0,1969-12-31 19:00:00,23,0
927350,Hood: Outlaws & Legends,0.0,0.0,1969-12-31 19:00:00,50,0
1628620,World Boss,0.0,0.0,1969-12-31 19:00:00,83,0
231430,Company of Heroes 2,0.0,0.0,1969-12-31 19:00:00,452,0
1641890,Lust from Beyond: M Edition,0.0,0.0,1969-12-31 19:00:00,26,0
1180660,Tell Me Why,0.0,0.0,1969-12-31 19:00:00,30,0
424840,Little Nightmares,0.08,0.0,2022-06-11 19:02:17,22,0
65790,Arma: Cold War Assault,0.0,0.0,1969-12-31 19:00:00,0,0
297130,Titan Souls,0.0,0.0,1969-12-31 19:00:00,27,0
1665460,eFootball™,0.38,0.0,2024-09-22 11:22:00,0,0
883710,Resident Evil 2,37.73,0.0,2024-09-23 16:11:45,44,34
952060,Resident Evil 3,0.08,0.0,2022-08-12 17:15:11,32,0
952070,RESIDENT EVIL RESISTANCE,0.0,0.0,1969-12-31 19:00:00,51,0
601150,Devil May Cry 5,11.6,0.0,2023-05-22 19:47:24,55,17
1240440,Halo Infinite,0.0,0.0,1969-12-31 19:00:00,144,0
924970,Back 4 Blood,0.0,0.0,1969-12-31 19:00:00,93,0
46500,Syberia,0.0,0.0,1969-12-31 19:00:00,0,0
46510,Syberia 2,0.0,0.0,1969-12-31 19:00:00,0,0
475550,Beholder,0.0,0.0,1969-12-31 19:00:00,60,0
241930,Middle-earth™: Shadow of Mordor™,30.42,0.0,2024-02-09 19:36:00,74,36
356190,Middle-earth™: Shadow of War™,0.0,0.0,1969-12-31 19:00:00,72,0
571310,SteamWorld Dig 2,0.0,0.0,1969-12-31 19:00:00,34,0
1455900,Plunder Panic,0.0,0.0,1969-12-31 19:00:00,22,0
582660,Black Desert,0.0,0.0,1969-12-31 19:00:00,0,0
706220,Black Desert SA (Retired),0.0,0.0,1969-12-31 19:00:00,0,0
1677740,Stumble Guys,0.07,0.0,2022-09-18 16:26:24,36,0
346110,ARK: Survival Evolved,0.0,0.0,1969-12-31 19:00:00,32,0
407530,ARK: Survival Of The Fittest,0.0,0.0,1969-12-31 19:00:00,0,0
1881700,Undawn,0.0,0.0,1969-12-31 19:00:00,0,0
40990,Mafia,0.0,0.0,1969-12-31 19:00:00,0,0
576670,Sky Is Arrows,0.0,0.0,1969-12-31 19:00:00,58,0
2195250,EA SPORTS FC™ 24,32.73,0.0,2024-11-03 18:51:01,40,2
1872550,Destroy All Humans! – Clone Carnage,0.0,0.0,1969-12-31 19:00:00,38,0
2254920,Temtem: Showdown,0.0,0.0,1969-12-31 19:00:00,0,0
2334220,Home Sweet Home : Online,0.0,0.0,1969-12-31 19:00:00,0,0
1794490,Spy Rumble,0.0,0.0,1969-12-31 19:00:00,0,0
2373440,Miners Settlement,0.0,0.0,1969-12-31 19:00:00,0,0
2403430,Soccer Kids Alpha,0.0,0.0,1969-12-31 19:00:00,0,0
2430380,War Gun: Shooting Games Online,0.0,0.0,1969-12-31 19:00:00,0,0
2431660,Let's School Homeroom,0.0,0.0,1969-12-31 19:00:00,0,0
43160,Metro: Last Light Complete Edition,0.0,0.0,1969-12-31 19:00:00,70,0
2439510,Doomsday: Last Survivors,0.0,0.0,1969-12-31 19:00:00,0,0
933110,Age of Empires III: Definitive Edition,0.0,0.0,1969-12-31 19:00:00,88,0
383180,Dead Island Riptide Definitive Edition,0.0,0.0,1969-12-31 19:00:00,35,0
1176710,Space Crew: Legendary Edition,0.0,0.0,1969-12-31 19:00:00,30,0
2064870,Deceit 2,0.0,0.0,1969-12-31 19:00:00,10,0
1507190,Machinika Museum,0.0,0.0,1969-12-31 19:00:00,0,0
3001970,Coloring Game 5,0.0,0.0,1969-12-31 19:00:00,80,0
3035570,Assassin's Creed Mirage,31.57,0.0,2024-12-19 20:58:47,50,29
2071500,Islands of Insight,0.0,0.0,1969-12-31 19:00:00,0,0
3068700,ASH ECHOES,0.0,0.0,1969-12-31 19:00:00,0,0
628290,All Walls Must Fall,0.0,0.0,1969-12-31 19:00:00,153,0
3217600,Idle Sphere,0.0,0.0,1969-12-31 19:00:00,29,0
3245770,Pavlov TV,0.0,0.0,1969-12-31 19:00:00,0,0
3274300,Awaria,0.0,0.0,1969-12-31 19:00:00,8,0
321270,UNLOVED,0.0,0.0,1969-12-31 19:00:00,95,0
29900,Dark Sector,0.0,0.0,1969-12-31 19:00:00,0,0
418670,Pankapu,0.0,0.0,1969-12-31 19:00:00,56,0
2347910,Seal: WHAT the FUN,0.0,0.0,1969-12-31 19:00:00,30,0
729460,Distant Space 2,0.0,0.0,1969-12-31 19:00:00,150,0
813540,Scheming Through The Zombie Apocalypse: The Beginning,0.0,0.0,1969-12-31 19:00:00,19,0
